,width,width,width,width,height,height,height,height,mean_intensity,mean_intensity,file_size,file_size
,mean,std,min,max,mean,std,min,max,mean,std,mean,std
class,,,,,,,,,,,,
normal,898.8144806338029,458.8263868441769,256,2916,845.3356073943662,379.63081409755733,256,2713,128.96674583571033,21.42970865021703,176934.5575484155,206634.85788325436
pneumonia,1327.4761332417581,363.5256713570866,384,2916,970.2259615384615,383.29927511147355,127,2713,122.76926661035499,18.371906471893265,232858.5939217033,240154.4441852642
tuberculosis,371.38201296870596,177.06517854912036,144,2520,365.9082792970585,187.23479451814316,124,2863,132.94120993753376,25.46024633213485,32236.25627290668,48868.83269743586
