{
  "overall_metrics": {
    "accuracy": 0.7777777777777778,
    "f1_macro": 0.7875268447073939,
    "f1_micro": 0.7777777777777778,
    "precision_macro": 0.8558997447888265,
    "recall_macro": 0.7800326776896728,
    "auc_roc_macro": 0.9366739009422004
  },
  "per_class_metrics": {
    "normal": {
      "precision": 0.6198172874209417,
      "recall": 0.9702970297029703,
      "f1": 0.7564322469982847,
      "sensitivity": 0.9702970297029703,
      "specificity": 0.6715239829993929,
      "auc_roc": 0.8810040991955905
    },
    "pneumonia": {
      "precision": 0.9638009049773756,
      "recall": 0.7307032590051458,
      "f1": 0.8312195121951219,
      "sensitivity": 0.7307032590051458,
      "specificity": 0.9918905220476432,
      "auc_roc": 0.9883408867046465
    },
    "tuberculosis": {
      "precision": 0.984081041968162,
      "recall": 0.6390977443609023,
      "f1": 0.7749287749287749,
      "sensitivity": 0.6390977443609023,
      "specificity": 0.9926273458445041,
      "auc_roc": 0.9406767169263642
    }
  },
  "classification_report": {
    "normal": {
      "precision": 0.6198172874209417,
      "recall": 0.9702970297029703,
      "f1-score": 0.7564322469982847,
      "support": 909.0
    },
    "pneumonia": {
      "precision": 0.9638009049773756,
      "recall": 0.7307032590051458,
      "f1-score": 0.8312195121951219,
      "support": 583.0
    },
    "tuberculosis": {
      "precision": 0.984081041968162,
      "recall": 0.6390977443609023,
      "f1-score": 0.7749287749287749,
      "support": 1064.0
    },
    "accuracy": 0.7777777777777778,
    "macro avg": {
      "precision": 0.8558997447888265,
      "recall": 0.7800326776896728,
      "f1-score": 0.7875268447073939,
      "support": 2556.0
    },
    "weighted avg": {
      "precision": 0.8499108257126644,
      "recall": 0.7777777777777778,
      "f1-score": 0.7811901817900677,
      "support": 2556.0
    }
  }
}